no,nama,vote_average,vote_count,type,htm_weekday,htm_weekend,latitude,longitude,description
9,Candi Borobudur,4.7,81922,sejarah,50000,,-7.607086854,110.2036226,Candi yang pernah masuk sebagai salah satu dari Tujuh Keajaiban Dunia ini dihiasi oleh banyak relief di dinding candi. Relief yang ada di Candi Borobudur mencapai 2.672 dan panjangnya bisa mencapai 6 kilometer
10,Candi Prambanan,4.7,71751,sejarah,50000,,-7.751834561,110.4915318,"Candi Prambanan adalah kompleks candi Hindu terbesar di Indonesia yang dibangun pada abad ke-9 masehi. Candi ini dipersembahkan untuk Trimurti, tiga dewa utama Hindu yaitu Brahma sebagai dewa pencipta, Wisnu sebagai dewa pemelihara, dan Siwa sebagai dewa pemusnah. Berdasarkan prasasti Siwagrha nama asli kompleks candi ini adalah Siwagrha (bahasa Sanskerta yang bermakna 'Rumah Siwa'), dan memang di garbagriha (ruang utama) candi ini bersemayam arca Siwa Mahadewa setinggi tiga meter yang menujukkan bahwa di candi ini dewa Siwa lebih diutamakan."
24,Tebing Breksi,4.4,51431,alam,10000,,-7.781476547,110.5045757,"Tebing Breksi merupakan tempat wisata yang berada di wilayah Kabupaten Sleman. Lokasinya berada di sebelah selatan Candi Prambanan dan berdekatan dengan Candi Ijo serta Kompleks Keraton Boko. tempat ini merupakan perbukitan batuan breksi. dari atas tebing wisatawan dapat melihat keseluruhan kota jogja, bahkan aktivitas masyarakat pun dapat terlihat dari atas tebing, serpeti pesawat yang lepas landas, kendaraan yang hilidr mudik."
343,Gembira Loka Zoo,4.5,36337,buatan,20000,25000,-7.8062344,110.3967977,"Gambira Loka adalah kebun binatang yang berada di Yogyakarta. Berisi berbagai macam spesies dari belahan dunia, seperti orangutan, gajah asia, simpanse, harimau, dan lain sebagainya. Kebun Binatang Gembira Loka menjadi daya tarik tersendiri bagi para wisatawan Yogyakarta. Gembira Loka Zoo sempat rusak parah akibat gempa bumi yang mengguncang kota Yogyakarta tahun 2006. Tetapi, setelah direnovasi Kebun Binatang Gembira Loka tetap dicari para wisatawan."
346,The Palace of Yogyakarta (Keraton Yogyakarta),4.6,30091,sejarah,8000,,-7.8052845,110.3642031,"Kompleks keraton merupakan museum yang menyimpan berbagai koleksi milik kesultanan, termasuk berbagai pemberian dari raja-raja Eropa, replika pusaka keraton, dan gamelan. Dari segi bangunannya, keraton ini merupakan salah satu contoh arsitektur istana Jawa yang terbaik, memiliki balairung-balairung mewah dan lapangan serta paviliun yang luas."
8,Taman Sari,4.6,27899,sejarah,5000,,-7.809833449,110.3595117,"Taman Sari Yogyakarta, merupakan salah satu bangunan milik kesultanan Yogyakarta yang difungsikan sebagai destinasi wisata. Namun selain sebagai destinasi wisata, taman sari pada saat tertentu juga masih digunakan sebagai tempat ritual oleh keluarga raja. Dengan bentuk bangunan arsitektur ala Portugis-Jawa, bangunan di taman ini menjadi daya tarik utama. Meskipun sekarang kondisi bangunan tak lagi utuh seperti saat masih difungsikan sebagai taman kesultanan, namun tetap saja aura keindahan terpancar kuat dari bangunan bangunan di taman ini."
418,Hutan Pinus Mangunan Dlingo,4.6,18271,alam,3000,,-7.9267837,110.4319967,"hutan pinus mangunan yang ada di Jogja bisa menjadi destinasi hutan yang tepat. Disana banyak terdapat pepohonan yang tinggi menjulang, yang dikenal dengan nama Pinus Merkusi. Nggak heran deh kalau banyak wisatawan yang merasa kepincut dengan objek wisata ini, sebab kesejukan dan keindahan pemandangannya benar-benar mempesona mata."
126,Jogja Bay,4.4,16877,buatan,150000,,-7.7478461,110.4188754,"Jogja Bay Waterpark (JBW) salah satu waterpark terbesar di asia tenggara yang berlokasi di kota wisata terbesar kedua di Indonesia yaitu Yogyakarta. Dan belakangan ini sudah menjadi salah satu tujuan destinasi wisata di Yogyakarta. Waterpark yang saat ini merupakan atraksi wahana air terbesar, terlengkap berstandar internasional dan memiliki karakter Bajak Laut – dengan bangga menyampaikan sesuai TripAdvisor Internasional telah merilis tahun 2019 “Jogja Bay Waterpark di Yogyakarta sebagai Waterpark Terbaik ke 3 di Asia”. Jogjabay telah tersertifikasi CHSE (Clean, Health, Safety, & Enviroment) dengan score 100% dari Kemenparekraf RI dan Sucofindo."
158,The World Landmarks - Merapi Park Yogyakarta,4.2,16201,buatan,15000,,-7.6209046,110.4216275,"Merapi Park merupakan tempat wisata yang dihadirkan sebagai tempat rekreasi keluarga. taman bermain dengan taman taman yang tertata rapi dan terkesan sejuk, sangat pas anda habiskan bersma sang buah hati atau kekasih tersayang. taman bunga dan bangku panjang paduan yang sempurna untuk sekedar bercengkrama lepas tanpa terganggu bisingnya lalu lalang kendaraan. tentu saja karena merapi park jogja ini terletak di bawah kaki gunung merapi kaliurang yang sepi dan sejuk. panorama kaki gunung inilah akan membuat hasil jepretan foto Anda menjadi lebih berwarna, cantik dan menarik."
457,The Lost World Castle,4.3,16110,"buatan,alam",30000,,-7.6041648,110.4510042,"Di dalam The Lost World Casle, pengunjung disuguhkan potret gagahnya Gunung Merapi. Selain itu, di dalam objek wisata ini terdapat berbagai latar untuk mengambil foto yang menarik, di antaranya taman koboi, awan putih, sepeda motor terbang, sayap bidadari, dan lain-lain. Selain itu, ada juga latar foto trik tiga-dimensi berupa air terjun, permadani terbang, dan beberapa bunga sakura tiruan yang turut menghidupkan suasana."
43,Fort Vredeburg Museum,4.6,15281,sejarah,3000,,-7.8002016,110.3663044,"Letak Benteng Vredeburg Yogyakarta di kawasan nol kilometer pusat Kota Yogyakarta menjadikan sebuah daya tarik bagi para wisatawan. Dalam pelayanannya kepada masyarakat, museum Benteng Vredeburg tidak lepas dari unsur-unsur pendidikan karena pada dasarnya museum memiliki dua fungsi yaitu sebagai rekreasi sekaligus tempat pendidikan. Informasi tentang kesejarahan, kebudayaan dan nilai-nilai luhur kejuangan disampaikan kepada generasi muda dalam nuansa edutainment, yang berasal dari kata education dan entertainment. Demikianlah, Benteng Vredeburg yang sekarang menjadi Museum Benteng Vredeburg Yogyakarta telah melekat dengan Kota Yogyakarta. Latar belakang sejarah Kota Yogyakarta baik sebagai ibukota Kasultanan Yogyakarta dan ibukota NKRI tidak dapat dipisahkan dengan sejarah Benteng Vredeburg Yogyakarta. Pelestarian Benteng Vredeburg sebagai museum bukan berarti pengagungan simbol kejayaan kolonial. Akan tetapi tujuannya untuk mendapatkan fungsi baru yang dapat memberikan informasi dan aspirasi perjuangan nasional bagi generasi mendatang.

"
13,Museum Benteng Vredeburg,4.6,15279,sejarah,3000,,-7.799287456,110.3661757,"Benteng Vredeburg merupakan salah satu museum peninggalan Belanda yang sangat terkenal di Jogja karena di museum ini memiliki nilai cerita yang cukup panjang dan masih bertahan hingga saat ini. Museum Benteng Vredeburg mengoleksi berbagai macam karya seni, berbagai macam patung, dan berbagai macam senjata peninggalan Belanda."
121,Sindu Kusuma Edupark (SKE),4.2,14072,buatan,20000,,-7.7672973,110.3542486,"Sindu Kusuma Edupark merupakan wahana bermain berbasis edukasi dan hiburan untuk semua usia yang buka paling pagi dan tutup paling malam di Jogjakarta. Destinasi wisata ini menyuguhkan sebuah tempat bermain bagi keluarga yang lengkap dengan berbagai wahana permainan yang seru dan juga menantang. Wahana-wahana seperti Kora-Kora, Bianglala, Waterpark, dan Light Festival menjadi wahana terfavorit bagi para wisatawan. Selain itu tersedia juga restoran berkonsep Industrial Fun Cafe dengan harga yang murah dan terjangkau cocok untuk anda sekeluarga. Semua transaksi di Sindu Kusuma Edupark ini menggunakan kartu khusus yang bisa diperoleh di loket tiket, jadi tidak repot lagi mengeluarkan uang tunai. Selain wahana permainan, di SKE ini juga ada beberapa foto spot yang cukup bagus untuk dijadikan background foto."
90,Tugu,4.8,13330,sejarah,,,-7.7828822,110.3670514,"Tugu ini sekarang merupakan salah satu objek pariwisata Yogyakarta, dan sering dikenal dengan istilah “Tugu Pal Putih” (pal juga berarti tugu), karena warna cat yang digunakan sejak dulu adalah warna putih. Tugu pal ini berbentuk bulat panjang dengan bola kecil dan ujung yang runcing di bagian atasnya. Jika dilihat dari Keraton Yogyakarta ke arah utara, maka akan terlihat bahwa Jalan Malioboro, Jalan Margo Utomo, Tugu Yogyakarta, dan Jalan A.M. Sangadji membentuk garis lurus menuju puncak Gunung Merapi yang dikenal sebagai Garis Imajiner Yogyakarta."
26,Heha Sky View,4.4,13048,buatan,10000,,-7.848530311,110.4787102,"Salah satu destinasi wisata favorit yang menawarkan pemandangan terbaik kota Yogyakarta dan sekitarnya “dari lantai 2”. Terletak di kawasan perbukitan Gunungkidul, HeHa Sky View hanya berjarak 40 menit dari pusat Kota Yogyakarta. Sky Ballon yang dibuat colorful menjadi salah satu wahana yang wajib dicoba. disini terdapat street food yang beraneka ragam dan dapat dinikmati sembari duduk dan mengobrol di bean bag ataupun outdoor area. banyak spot foto keren."
395,Pantai Goa Cemara,4.3,12755,alam,4000,,-7.999423,110.248963,"Adalah Kawasan Wisata Terpadu, satu pintu dengan pembagian area yang jelas. Public area memang seperti diutamakan di pantai ini. Jajaran pedagang lokal berpadu dengan ramainya pasar tradisional. Dengan area cakupan luas meliputi wilayah konservasi penyu hijau, wilayah lahan pertanian, daerah wisata, dan pelestarian hutan cemara. Pasar tradisional, wisata pantai, outbond, camping ground, ruang pertemuan, atv, jip wisata offroad gumukpasir, kuliner, dan cinderamata. Dengan dukungan fasilitas publik yang lengkap dan terus berkembang. Fasilitas publik seperti MCK, kantor sekretariat, kantor keamanan, posko SAR, rumah ibadah, pos kesehatan juga tersedia."
347,XT Square,4.3,12396,buatan,25000,,-7.8165658,110.3866908,"XT-Square merupakan kawasan yang  dibangun dengan konsep terpadu yang ditawarkan kepada masyarakat dalam satu paket pusat wisata belanja, yakni what to see, what to eat, dan what  to buy. Didesain sebagai ruang publik dengan konsep citywalk,  didukung dengan area kuliner serta area pertunjukan seni semakin menunjang aktifitas wisata belanja yang nyaman dan menyenangkan, XT-Square dibangun untuk kepuasan pengunjung."
21,Kaliadem,4.5,12338,"alam,sejarah",3000,,-7.582047728,110.4476387,"Bunker Kaliadaem merupakan tempat untuk berlindung dari ganasnya Gunung Merapi. tempat ini menyimpan banyak jejak ganasnya Gunung merapi. di bunker kaliadem terdapat pintu utama yang terbuat dari baja setebal 15 cm, ruangan bungker yang masih memiliki sisa-sisa material merapi, dan bagian atas yang dilapisi batu serta pasir vulkanis"
344,Monumen Yogya Kembali,4.5,11302,museum,15000,,-7.7495904,110.3696068,"Museum Monumen Jogja Kembali adalah sebuah museum sejarah perjuangan kemerdekaan Republik Indonesia yang ada di kota Yogyakarta dan dikelola oleh Departemen Kebudayaan dan Pariwisata. Museum yang berada di bagian utara kota ini banyak dikunjungi oleh para pelajar dalam acara darmawisata. Museum Monumen dengan bentuk kerucut ini terdiri dari 3 lantai dan dilengkapi dengan ruang perpustakaan serta ruang serbaguna. Pada rana pintu masuk dituliskan sejumlah 422 nama pahlawan yang gugur di daerah Wehrkreise III (RIS) antara tanggal 19 Desember 1948 sampai dengan 29 Juni 1949. Dalam 4 ruang museum di lantai 1 terdapat benda-benda koleksi: realia, replika, foto, dokumen, heraldika, berbagai jenis senjata, bentuk evokatif dapur umum dalam suasana perang kemerdekaan 1945-1949. Tandu dan dokar (kereta kuda) yang pernah dipergunakan oleh Panglima Besar Jenderal Soedirman juga disimpan di sini (di ruang museum nomor 2). Monumen Jogja kembali beralamat Di jalan raya Ring road Utara Sleman Yogyakarta"
249,Ratu Boko,4.6,11176,sejarah,40000,,-7.7705416,110.4894158,"Istana Ratu Boko adalah sebuah bangunan megah yang dibangun pada masa pemerintahan Rakai Panangkaran, salah satu keturunan Wangsa Syailendra. Istana yang awalnya bernama Abhayagiri Vihara (berarti biara di bukit yang penuh kedamaian) ini didirikan untuk tempat menyepi dan memfokuskan diri pada kehidupan spiritual. Berada di istana ini, anda bisa merasakan kedamaian sekaligus melihat pemandangan kota Yogyakarta dan Candi Prambanan dengan latar Gunung Merapi."
368,Depok Beach,4.3,10820,alam,10000,,-8.0137087,110.2914777,"Pantai Depok yang letaknya hanya 1,5 km dari Parangtritis ini memang terkenal di kalangan wisatawan lokal. Selain karena keindahan pantainya, wisata pantai Yogyakarta yang satu ini juga terkenal dengan aneka menu seafood yang rasanya mampu menggoyang lidah. Tidak heran, hampir seluruh warga yang tinggal di sekitar pantai ini berprofesi sebagai nelayan. Itulah kenapa hidangan laut yang diolah di tempat ini sangat istimewa. Sebab memang semua ikan dan seafood yang ada di sini memang masih segar ketika diolah."
45,Central Museum of the Air Force Dirgantara Mandala,4.5,9828,museum,3000,,-7.7899338,110.4156788,"Museum Pusat TNI AU “Dirgantara Mandala” adalah museum yang digagas oleh TNI Angkatan Udara untuk mengabadikan peristiwa bersejarah dalam lingkungan TNI AU, bermarkas di kompleks Pangkalan Udara Adi Sutjipto, Yogyakarta. Museum ini sebelumnya berada berada di Jalan Tanah Abang Bukit, Jakarta dan diresmikan pada 4 April 1969 oleh Panglima AU Laksamana Roesmin Noerjadin lalu dipindahkan ke Yogyakarta pada 29 Juli 1978. "
12,Masjid Gedhe Kauman,4.8,9784,sejarah,,,-7.802697521,110.3625956,"Masjid Gedhe Kauman dibangun oleh Sri Sultan Hamengku Buwono I bersama Kyai Faqih Ibrahim Diponingrat (penghulu kraton pertama) dan Kyai Wiryokusumo sebagai arsiteknya. Masjid ini dibangun pada hari Ahad Wage, 29 Mei 1773 M atau 6 Rabi'ulakhir 1187 H. Masjid Gedhe Kauman merupakan tempat untuk beribadah, namun masjid ini juga menjadi tempat wisata yang cukup terkenal. Meskipun demikian, fungsi utama masjid sebagai tempat ibadah masih terjaga dengan sangat baik lengkap dengan semua fasilitas yang diperlukan."
5,Bukit Paralayang Watugupit,4.7,9614,"alam,minat khusus",5000,,-8.026589501,110.3458478,"Seperti namanya, bukit ini digunakan sebagai tempat untuk landasan pacu olahraga paralayang. Para profesional banyak yang berlatih di sini. Bahkan, orang awam pun dapat mencoba paralayang karena terdapat instruktur yang akan mendampingi."
371,Pantai Drini,4.5,8969,alam,10000,,-8.1384509,110.577522,"Pantai Drini merupakan salah satu pantai di deretan pantai selatan Gunungkidul yang banyak direkomendasikan. Pantai ini dijuluki sebagai ‘Pantai Perawan’ karena kondisi pantai ini masih bersih dengan suasana yang masih alami. Udara tempat wisata ini sejuk, aliran airnya tenang, dan pasir putihnya begitu mempesona."
19,Pantai Parangtritis,4.5,8727,alam,6000,,-8.024608,110.3298045,"Paintai Parangtritis merupakan salah satu ikon di Kabupaten Bantul. Pantai ini memiliki pasir hitam. Di pantai ini dapat bermain ATV, menaiki kuda. Di sisi utara timur pantai dapat menemukan bukit kecil yang sangat cocok untuk menikmati pemandangan sore hari ditemani angin. pantai ini memiliki cerita misteri di dalamnya."
353,Embung Tambakboyo,4.4,8564,buatan,2000,,-7.756227,110.4150131,"Waduk Tambakboyo Kabupaten Sleman Daerah Istimewa Yogyakarta ini dibangun pada tahun 2003 dan selesai tahun 2008. Pembangunan yang memakan waktu lima tahun ini memang sudah diperhitungkan dengan matang. Pada mulanya embung atau waduk ini dibangun sebagai tempat penampungan air untuk cadangan warga Sleman. Namun seiring dengan berjalannya waktu, Embung Tambakboyo menjadi salah satu wisata alam gratis yang banyak peminatnya."
464,Lava Merapi and Alien Stone,4.5,8111,"alam,minat khusus",350000,,-7.6023375,110.4552585,"Lava Tour Merapi bisa menjadi pilihan aktivitas wisata ketika berlibur di Yogyakarta. Lava Tour Merapi adalah istilah untuk tur wisata kawasan terdampak erupsi Gunung Merapi tahun 2010. Tur yang dimaksud saat ini merupakan tur menggunakan mobil jenis jeep. Kegiatan tur meliputi kunjungan ke sejumlah titik yang terkena dampak langsung erupsi. Lava tour Merapi ditawarkan sebagai aneka pilihan paket wisata. Paket-paket ini dibanderol dengan harga yang beragam. Setiap paket sudah termasuk tiket masuk untuk sejumlah titik pemberhentian. Paket wisata ini bisa menampung rombongan, sehingga cocok untuk dijajal sebagai liburan keluarga atau bersama teman."
221,Plaosan Temple,4.6,7855,sejarah,3000,,-7.7407807,110.5046772,"Candi Plaosan terletak di Desa Bugisan, Kecamatan Prambanan, Kabupaten Klaten, kira-kira 1,5 km ke arah timur dari Candi Sewu. Candi ini merupakan sebuah kompleks bangunan kuno yang terbagi menjadi dua, yaitu kompleks Candi Plaosan Lor (lor dalam bahasa Jawa berarti utara) dan kompleks Candi Plaosan Kidul (kidul dalam bahasa Jawa berarti selatan). Pahatan yang terdapat di Candi Plaosan sangat halus dan rinci, mirip dengan yang terdapat di Candi Borobudur, Candi Sewu, dan Candi Sari. Candi Plaosan yang merupakan candi Buddha ini oleh para ahli diperkirakan dibangun pada masa pemerintahan Rakai Pikatan dari Kerajaan Mataram Hindu, yaitu pada awal abad ke-9 M. Salah satu pakar yang mendukung pendapat itu adalah De Casparis yang berpegang pada isi Prasasti Cri Kahulunan (842 M). Dalam prasasti tersebut dinyatakan bahwa Candi Plaosan Lor dibangun oleh Ratu Sri Kahulunan, dengan dukungan suaminya. Menurut De Casparis, Sri Kahulunan adalah gelar Pramodhawardani, putri Raja Samarattungga dari Wangsa Syailendra. Sang Putri, yang memeluk agama Buddha, menikah dengan Rakai Pikatan dari Wangsa Sanjaya, yang memeluk agama Hindu."
466,Agro Tourism Bhumi Merapi,4.5,7697,minat khusus,30000,,-7.6400756,110.4264098,"Agrowisata Bhumi Merapi Yogyakarta. Tempat wisata yang terletak di daerah Kaliurang ini menawarkan wisata edukasi bagi para pengunjungnya. Dibangun pada tahun 2015 dengan luas 5,2 hektar. Tempat wisata ini menawarkan konsep pertanian, perkebunan, dan peternakan. Jadi, selain liburan para pengunjung pun bisa mendapatkan banyak ilmu. Suasananya yang sejuk dan nyaman juga membuat para pengunjung betah berlama-lama disana. Berbagai aktivitas wisata bisa dilakukan di tempat wisata ini. Utamanya kegiatan-kegiatan yang berhubungan dengan pertanian, peternakan dan perkebunan. Berikut beberapa diantaranya. Identik dengan wisata edukasi, taman rekreasi ini menyediakan tempat belajar budidaya hewan bagi para pengunjungnya. Diantaranya kambing dan kelinci. Kambing yang dipelajari adalah jenis kambing Ettawa. Kegiatan yang dilakukan diantaranya adalah memerah susu kambing, memberikan susu dot bagi anak kambing, mengolah susu untuk dijadikan yogurt dan ice cream,  pengolahan pakan ternak, dan pengolahan kotoran kambing menjadi pupuk organik dan biogas. Sedangkan kelinci yang ada disini adalah kelinci hias dan kelinci pedaging. Dan pengunjung juga bisa memberi makan kepada kelinci. Selain itu, ada juga binatang berjenis reptile yang dipelihara disini seperti ular, kura-kura, dan reptile lainnya yang dapat digunakan sebagai sarana edukasi.

"
171,Wisata Kalibiru,4.4,6912,"alam,minat khusus",10000,,-7.8057305,110.127969,"Wisata Kalibiru terletak pada ketinggian 450 mdpl, yang kini telah menjadi hutan wisata nan subur. Dengan perbukitan yang ditumbuhi oleh berbagai pepohonan, seperti cemara, jati, dan kayu putih. Tempat wisata ini terletak di pedesaan, tak heran jika banyak dijumpai rumah berarsitektur Jawa kuno. Rumah – rumah ini difungsikan sebagai kantor pengelola serta loket tiket masuk. Setelah itu, pengunjung harus melakukan trekking di hutan untuk dapat menuju spot utama. Di sini, telah disediakan jalan setapak sehingga pengunjung tinggal mengikuti arah jalan tersebut. Di sepanjang perjalanan, pengunjung akan menemukan berbagai jenis vegetasi. Mulai dari semak – semak hingga pepohonan berbatang kayu yang bercabang – cabang. Selain itu, ada juga tanaman anggrek yang seolah bersembunyi di rimbunnya pepohonan."
52,De Mata Trick Eye Museum,4.4,6855,"buatan,minat khusus",40000,,-7.8163156,110.3871442,"Berawal dari keinginan bahwa Indonesia tidak boleh kalah dengan negara lain dalam bidang pariwisata, Direktur Utama PT. Demata Maris Indonesia, yaitu Bapak Petrus FX Kusuma mendapatkan inspirasi untuk mengadaptasi konsep tempat wisata dari luar negeri agar dapat dibawa ke Indonesia. Bertujuan agar masyarakat di Indonesia dapat mengunjungi tempat serupa namun tidak sama yang tetap lekat dengan unsur edukatif, inovatif, dan entertaining. Ditawarkan dengan harga tiket masuk yang low cost-highly entertaining, sehingga memberikan kesempatan terhadap semua kalangan untuk dapat berwisata. Dengan adanya beberapa tempat wisata yang sudah ada dan yang akan dibangun oleh PT. Demata Maris Indonesia tidak hanya merupakan sebuah cita-cita dan mimpi yang terwujud namun juga sebuah bisnis yang potensial yang memberikan kesempatan kepada seluruh masyarakat Indonesia untuk berwisata dengan harga tiket yang murah"
16,Candi Sambisari,4.6,6238,sejarah,5000,,-7.762491,110.4470374,"Candi Sambisari adalah Candi Hindu yang berada di Purwomartani, Kalasan, Sleman, Daerah Istimewa Yogyakarta. Posisinya kira-kira berada 12 kilometer (km) di sebelah timur kota Yogyakarta ke arah kota Solo. Lokasi candinya pun cukup unik, yaitu terletak kira-kira 6,5 meter lebih rendah dari permukaan tanah di sekitarnya. Oleh karena itu, jika hendak masuk ke dalam kompleks candi kamu harus berjalanan kaki menuruni puluhan anak tangga yang cukup curam sehingga kamu harus berhati-hati. Jika kamu berada di kawasan sekitar candi, yang kamu lihat hanyalah atap candi yang sedikit menyembul di permukaan tanah."
391,Pantai Wediombo,4.5,6072,alam,5000,5000,-8.1902176,110.7103772,"Daya tarik pantai ini terletak di gugusan karangnya. Sepanjang bibir pantai, Wedi Ombo dihiasi hamparan karang. Bebatuan ini membuat Wedi Ombo bagaikan taman karang yang luas. Selain itu, lautnya yang tenang membuat lokasinya cocok untuk bersantai. Pantai Wedi Ombo berada di pinggiran teluk. Pantai ini menghadap ke barat dengan garis pantai nyaris lurus. Ini membuat angin laut yang menerpa tidak sekencang pantai lainnya. Sehingga, lautnya pun cenderung lebih tenang."
366,Pantai Parangkusumo,4.4,5887,alam,3000,3000,-8.022769,110.324995,"Pantai Parangkusumo merupakan salah satu pantai yang dianggap sakral oleh penduduk setempat. Masyarakat Jogja meyakini adanya hubungan spesial antara Keraton Jogja dengan Nyi Roro Kidul, penguasa pantai selatan. Dalam tradisi Jawa, Pantai Parangkusumo dianggap sebagai gerbang utama atau jalan menuju Keraton Gaib Laut Selatan, kerajaan Nyi Roro Kidul. Karena itu, tak heran jika Pantai Parangkusumo kerap menjadi tujuan peziarah saat bulan Sura dalam kalender penanggalan Jawa. Begitu pun pada hari-hari biasa, pengunjung akan meramaikan pantai saat malam Selasa Kliwon dan Jumat Kliwon. Meski kental dengan nuansa mistis dan legenda, Pantai Parangkusumo juga menawarkan pemandangan yang tak kalah indah dari pantai lain di Jogja. Di sini, kamu akan melihat tumbuhan sejenis kelapa sawit berjejer di bagian belakang pantai yang menciptakan kesan asri."
170,Taman Sungai Mudal,4.6,5499,alam,10000,10000,-7.7628136,110.1161626,"Taman Sungai Mudal, sebuah objek wisata alam terbuka yang terletak di Kabupaten Kulon Progo, yang menawarkan pesona sebuah kolam pemandian yang bersumber dari mata air alami. Mata airnya bersumber dari sebuah goa, sehingga kehadiran Taman Sungai Mudal menjadi mengesampingkan kesan angker dari sebuah goa. Apalagi ditambah dengan dukungan fasilitas yang membuat para wisatawan merasa nyaman saat berada di sana."
131,Taman Pelangi Jogja,4.3,5459,buatan,15000,20000,-7.7505259,110.3687049,"Kalau pelangi biasanya ada di siang hari pasca hujan, maka di Taman Pelangi Yogyakarta pengunjung justru bisa menikmatinya setiap malam hari. Ya, ini lantaran taman ini merupakan Taman Lampion beraneka warna dan rupa. Pengunjung bisa mengarahkan diri ke deretan lampion yang berbentuk flora dan fauna. Ada juga lampion berbentuk tokoh kartun disney dan kartun jepang, dinosaurus, naga, serta kehidupan bawah laut yang sangat menarik perhatian terutama anak-anak. Tak meninggalkan sejarah, ada juga lampion yang berbentuk wajah para tokoh pemimpin bangsa. Buka sejak petang, Taman ini memang sangat cocok dijadikan pilihan destinasi rekreasi keluarga saat malam hari."
96,Situs Warungboto,4.4,5392,sejarah,,,-7.8102685,110.3931513,"Situs Warungboto merupakan petilasan yang dibangun pada masa pemerintahan Sultan Hamengkubuwono I. Kemudian, pembangunannya diteruskan pada masa pemerintahan Sultan Hamengkubuwono II. Dulunya, tempat ini khusus dijadikan sebagai tempat pemandian. Dikarenakan adanya sumber mata air di lokasi tersebut. Situs Warungboto berada di tengah Kota Jogja, tepatnya di Umbulharjo. Objek wisata ini merupakan peninggalan bersejarah yang dulu dibangun oleh keluarga keraton. Saat ini, area situs telah dibersihkan dan direnovasi sehingga dapat dikunjungi wisatawan. Tentunya tempat ini begitu menarik karena bangunannya yang unik dan instagramable."
373,Pantai Cemara Sewu Bantul Yogyakarta,4.4,5372,,,,-8.019114,110.3145616,
460,Bukit Klangon,4.5,5280,,,,-7.5768966,110.4548266,
36,Taman Wisata Kaliurang,4.4,5217,,8000,8000,-7.598797,110.42636,"Taman Wisata Kaliurang dapat menjadi referensi wisata akhir pekan keluarga. Pemandangan sekitar sangatlah indah, masih banyak pepohonan yang tumbuh tinggi menjulang. Ditambah lagi pemandangan puncak Gunung Merapi yang gagah. Selain itu, udara di sekitar pun masih sangat sejuk. Aroma asap kendaraan bermotor pun tidak tercium di kawasan ini. Berada di sini membuat paru – paru menjadi lebih sehat. Banyak wisatawan yang datang bersama keluarga. Duduk santai beralaskan tikar di atas rerumputan sambil bercengkerama dengan keluarga. Ditambah lagi, suasana yang sangat mendukung untuk beramah – tamah. Selain menyuguhkan pemandangan yang indah, Taman Wisata Kaliurang pun memiliki wahana outbound. Seperti flying fox hingga rumah pohon Ridz High Rope."
46,Jogja National Museum,4.6,5041,,,,-7.8001175,110.3534164,
25,Taman Pintar Yogyakarta,4.5,4846,minat khusus,20000,,-7.799757357,110.3678697,"Taman Pintar Yogyakarta adalah wahana wisata yang terdapat di pusat Kota Yogyakarta, tepatnya di Jalan Panembahan Senopati No. 1-3, Yogyakarta, di kawasan Benteng Vredeburg. Taman ini memadukan tempat wisata rekreasi maupun edukasi dalam satu lokasi. tempat rekreasi ini sangat baik untuk anak-anak dalam masa perkembangan. taman ini, khususnya pada wahana pendidikan anak usia dini dilengkapi dengan teknologi interaktif digital serta pemetaan video yang akan memacu imajinasi anak serta ketertarikan mereka terhadap teknologi"
415,PANTAI INDRAYANTI,4.4,4793,,,,-8.1508415,110.6129852,
365,Indrayanti Beach,4.5,4720,,,,-8.1506589,110.6126311,
204,Mangrove Jembatan Api-Api (MJAA),4.3,4425,,,,-7.89485,110.0253631,
419,Embung Nglanggeran,4.5,4366,,,,-7.8471399,110.5468589,
178,Bukit Wisata Pulepayung,4.5,4287,,,,-7.8001106,110.1238954,
272,Seribu batu rumah hobbit,4.6,4223,,,,-7.931099,110.429738,
269,Jurang Tembelan Kanigoro,4.5,3867,,,,-7.9401065,110.4300062,
467,Wisata jeepmerapi_01,4.4,3839,,,,-7.5930117,110.4327843,
315,Tourism Zone Malioboro,4.7,3752,,,,-7.7982487,110.3652793,
463,Blue Lagoon Jogja,4.3,3585,,,,-7.7044358,110.45026,
108,UGM Roundabout,4.7,3535,,,,-7.7760052,110.3760616,
381,Pantai Pok Tunggal,4.5,3467,,,,-8.1554468,110.6217582,
399,Pantai Ngobaran,4.5,3288,,,,-8.1191333,110.5050409,
271,Bukit Panguk Kediwung,4.5,3245,,,,-7.9583695,110.4407622,
180,Nglinggo tea plantation,4.5,3199,,,,-7.647054,110.1414699,
376,Pantai Nglambor,4.4,3192,,,,-8.1827028,110.6792399,
185,Kedung Pedut Waterfall,4.5,3164,,,,-7.7699875,110.1210707,
380,Pantai Ngandong,4.5,3151,,,,-8.146423,110.6061408,
389,Pantai Sepanjang,4.4,3130,,,,-8.1366656,110.5659962,
14,Candi Sewu,4.6,2968,sejarah,,,-7.7439217,110.4929095,"Candi Sewu adalah candi Buddha yang dibangun pada abad ke-8 Masehi yang berjarak hanya delapan ratus meter di sebelah utara Candi Prambanan. Candi Sewu merupakan kompleks candi Buddha terbesar kedua setelah Candi Borobudur di Jawa Tengah. Candi Sewu berusia lebih tua daripada Candi Borobudur dan Prambanan. Meskipun aslinya memiliki 249 candi, oleh masyarakat setempat candi ini dinamakan ""Sewu"" yang berarti seribu dalam bahasa Jawa. Penamaan ini berdasarkan kisah legenda Loro Jonggrang."
79,Tembi Rumah Budaya,4.4,2831,,,,-7.8700932,110.3562056,
22,Gunung Api Purba Nglanggeran,4.6,2807,alam,15000,,-7.8427585,110.5379165,"Kawasan Ekosistem Gunung Purba Nglanggeran atau yang biasa disebut Gunung Nglanggeran ini merupakan kawasan yang litologinya disusun oleh material vulkanik tua, berbentuk gunung batu raksasa yang membentang sepanjang kurang lebih 800 meter dengan tinggi mencapai 300 meter. di Kawasan Gunung Api Purba Nglanggeran juga dijumpai fauna dan flora langka, seperti tanaman tremas (tanaman obat yang hanya hidup dikawasan ekowisata Gunung Api Purba), kera ekor panjang."
138,Galaxy Waterpark,4.3,2761,,,,-7.8159633,110.4136917,
412,Pemecah Ombak Pantai Glagah,4.4,2683,,,,-7.9190028,110.0775951,
411,Pantai Timang,4.5,2656,,,,-8.1759266,110.6624196,
51,Museum HM Soeharto,4.4,2628,,,,-7.7913177,110.2805284,
281,Bukit Lintang Sewu,4.5,2600,,,,-7.9157997,110.4366436,
143,Grand Puri Waterpark,4.2,2440,,,,-7.8777662,110.352078,
176,Pantai Glagah,4.3,2394,,,,-7.915054,110.0729572,
147,Balong Waterpark,4.2,2376,,,,-7.8434924,110.4103899,
23,Kids Fun Park (Pusat),4.4,2314,minat khusus,65500,,-7.827611573,110.4413491,Kids Fun merupakan wahana atau tempat bermain untuk anak-anak
367,Pantai Kesirat,4.6,2296,,,,-8.0961535,110.4350483,
469,Stonehenge Merapi,4.3,2282,,,,-7.6022481,110.4479012,
162,CitraGrand Mutiara Waterpark Yogyakarta,4.3,2260,,,,-7.8137343,110.2831838,
327,Wisata Telaga Potorono,4.4,2248,,,,-7.8300074,110.4204773,
480,Desa Wisata Pulesari,4.4,2245,,,,-7.6258806,110.371698,
284,Wisata Alam Watu Amben,4.4,2235,,,,-7.8576729,110.4727388,
255,SOJIWAN TEMPLE,4.5,2159,,,,-7.7603952,110.4962014,
39,Goa Selarong,4.3,2116,alam,6000,,-7.860965268,110.3145237,"Gua Selarong atau bisa disebut Gua Diponegoro, adalah gua bersejarah sekaligus tempat wisata alam dan religius. Goa Selarong merupakan sebuah goa kecil yang berada di Dusun Kembangputihan, Kecamatan Pajangan, Bantul. Lokasinya cukup mudah dijangkau karena tak jauh dari Kota Bantul, DIY. Di Goa Selarong, terdapat dua goa, yaitu Goa Kakung dan Goa P Sekilas, tak ada tampilan yang menarik secara visual dari kedua goa tersebut. Namun, goa itu menyimpan peristiwa besar yang menjadi bagian dari sejarah bangsa Indonesia. Terutama kisah kepahlawanan Pangeran Diponegoro yang menjadi tokoh besar saat meletusnya Perang Jawa pada 1825-1830.utri."
35,Waduk Sermo,4.5,2057,,6000,,,,
18,Pantai Glagah,4.4,2004,alam,6000,,-7.9119427,110.0647339,"Pantai Glagah Indah adalah salah satu pantai yang menjadi objek wisata di provinsi Daerah Istimewa Yogyakarta. Pantai Glagah Indah merupakan salah satu pantai di Yogyakarta dengan hamparan pasir yang berwarna hitam dan banyak mengandung pasir besi. Pantai Glagah Indah memiliki akses yang baik. Pantai Glagah dikenal sebagai salah satu pantai di Jogja yang memiliki ombak cukup besar. Oleh sebab itu, di kawasan pantai pun dibangun tetrapod."
462,Grojogan Watu Purbo Bangunrejo,4.5,1927,,,,-7.6340196,110.3383881,
283,Mangunan Fruits Park,4.5,1887,,,,-7.939896,110.424336,
382,Pantai Ngrenehan,4.4,1876,,,,-8.1211475,110.5142337,
156,Tirtonirmolo Water Park Galuh,4.2,1857,,,,-7.748672,110.501128,
42,Affandi Museum,4.6,1848,,,,-7.782713,110.396397,
76,Museum Monumen Pangeran Diponegoro,4.4,1778,,,,-7.7865891,110.3514473,
287,Puncak Kebun Buah Mangunan,4.6,1773,,,,-7.9413718,110.4247345,
465,Lava Tour Merapi,4.6,1714,,,,-7.5934503,110.4316004,
41,Museum Sonobudoyo Unit I,4.6,1711,,,,-7.8024499,110.3639555,
68,Museum Factory Dan Kedai Chocolate Monggo,4.6,1704,,,,-7.8408737,110.298431,
31,Kawasan Pantai Baron,4.4,1698,alam,10000,,-8.1288246,110.5487763,
358,Kids Fun Galleria Mall,4.4,1693,,,,-7.7823797,110.3791605,
449,Taman Bunga Amarilis,4.2,1641,,,,-7.8563245,110.4991167,
177,Tegaldowo Puspa Gading Park,4.4,1635,,,,-7.8656715,110.3228654,
207,Bendungan Kamijoro,4.3,1563,,,,-7.8787758,110.2662888,
184,Goa Kiskendo,4.3,1446,,,,-7.7471047,110.1310147,
413,Pantai Ngrumput,4.6,1437,,,,-8.1403829,110.5831238,
383,Pantai Ngedan,4.4,1382,,,,-8.1163418,110.4963362,
410,Pantai Slili,4.5,1343,,,,-8.1449664,110.6028766,
175,Camera House Borobudur,4.1,1304,,,,-7.6244995,110.2027713,
15,Candi Kalasan,4.5,1291,sejarah,,,-7.767284,110.4723505,"Candi Kalasan adalah candi yang dipersembahkan untuk Dewi Tara yang dinding luarnya dilapisi semen kuno. Candi Budha tertua di Yogyakarta ini dibangun oleh Rakai Panangkaran, raja dari dinasti Syailendra yang juga mengkonsep pendirian Borobudur."
302,Watu Goyang,4.4,1282,,,,-7.9274086,110.4120586,
308,Pintoe Langit Dahromo,4.4,1266,,,,-7.913608,110.437783,
444,Pintoe Langit Dahromo,4.4,1266,,,,-7.913608,110.437783,
196,Wana Tirta Mangrove Forests,4.1,1212,,,,-7.8933459,110.0198257,
44,Museum Sandi,4.7,1182,,,,-7.7845549,110.3711548,
428,Bukit Teletubbies,4.1,1173,,,,-7.8181275,110.511764,
398,Pantai Watulawang,4.6,1166,,,,-8.1535837,110.6177335,
370,Ngobaran Beach,4.6,1160,,,,-8.1184844,110.5028785,
224,Candi Banyunibo,4.5,1151,,,,-7.7779014,110.4940734,
425,Desa Wisata Rumah Domes/Teletubbies,4.1,1139,,,,-7.8136085,110.5033442,
397,Pantai Nglolang,4.3,1123,,,,-8.1360048,110.562855,
38,Pantai Kuwaru,4.1,1109,,10000,,,,Pantai Kuwaru terkenal dengan wisata yang terkesan santai dan murah.
29,Puncak Suroloyo,4.4,1105,alam,6000,,,,
400,Pantai Parangtritis,4.5,1096,,,,-8.0272233,110.3370948,
166,Ramadanu flower garden,4.2,1087,,,,-7.6478607,110.2879467,
378,Wediombo Beach,4.6,1065,,,,-8.1862462,110.709901,
6,Jomblang Cave,4.6,1064,alam,,,,,Penyusuran goa vertikal sedalam 90 meter dengan sistem katrol
225,Candi Abang,4.2,1029,,,,-7.8103728,110.468686,
289,Gunung Ireng Srumbung,4.5,1028,,,,-7.8827926,110.4896548,
27,Pesona Pengklik Pantai Samas,4,987,alam,10000,,,,
369,Siung Beach,4.6,967,,,,-8.1818233,110.6832394,
30,Kawasan Pantai Siung,4.6,965,alam,5000,,,,
181,Goa Seplawan,4.5,947,,,,-7.772978,110.1102509,
228,Candi Sari,4.5,938,,,,-7.7615576,110.4742751,
472,Kantor Desa Wisata Pentingsari,4.4,855,,,,-7.6430482,110.4296004,
172,Desa Wisata Gamplong,4.4,841,,,,-7.8055232,110.2374676,
54,Museum Perjuangan,4.5,836,,,,-7.8164905,110.3718611,
37,Geoforest Watu Payang Turunan,4.5,796,,5000,,,,
335,Pasar Kembang,4.2,793,,,,-7.7899242,110.3651209,
468,Omah Petroek,4.6,764,,,,-7.6219947,110.4153359,
396,Pantai Jogan,4.3,758,,,,-8.180135,110.6763715,
322,Taman Lampion,4.3,757,,,,-7.7503631,110.3698154,
69,Monumen Perjuangan TNI AU,4.5,748,,,,-7.8407981,110.3764617,
33,Jogja Exotarium,4.4,746,,20000,,,,"Di Mini Zoo Jogja Exotarium pengunjung dapat menyaksikan aneka satwa seperti reptil, hewan nocturnal, kelinci. Pengunjung dapat pula melakukan aktivitas seperti memancing, belajar berkuda atau memanah. Selain itu terdapat pula berbagai spot selfie, playground anak atau outbound. .Kehadiran Mini Zoo Jogja Exotarium yang dikemas sebagai taman wisata edukasi diharapkan menjadi wahana pengetahuan tentang satwa atau binatang."
59,Museum Kereta Karaton,4.7,735,,,,-7.8054476,110.3627375,
427,Watu Payung,4.4,730,,,,-7.793477,110.520934,
34,Goa Rancang Kencono,4.3,719,,15000,,,,
359,Sumur Gumuling,4.5,718,,,,-7.8087911,110.3591825,
476,KALITALANG,4.5,716,,,,-7.5802065,110.4606903,
417,Pantai Ngetun,4.5,709,,,,-8.1703641,110.6526446,
439,Kawasan Ekowisata Gunung Api Purba Nglanggeran,4.5,709,,,,-7.841986,110.5415759,
220,Desa Wisata Tinalah (Dewi Tinalah - Wisata Jogja),4.3,701,,,,-7.6955738,110.195883,
2,Selopamioro Adventure Park,4.5,696,alam,30000,,,,Kegiatan outbond di lokasi Selopamioro Adventure Park sangat memanjakan para konsumen untuk menikmati alam. Fasilitas outbond berupa permainan air dan darat dari level anak anak sampai dengan dewasa bisa menjadi rekomendasi anda dan rekan kerja selanjutnya untuk mencoba outbond di Selopamioro Adventure Park.
182,Goa Kebon,4.3,659,,,,-7.8870828,110.1866704,
506,EMBUNG JETIS SURUH,4.2,651,,,,-7.6745388,110.3845035,
477,Sabo Bronggang Argomulyo Cangkringan Sleman,4.5,648,,,,-7.6639874,110.4646727,
361,Bale Banjar Sangkring,4.6,633,,,,-7.8122863,110.343125,
98,Gereja Sayidan,4.2,616,,,,-7.8035488,110.3698419,
200,Desa Wisata Nglinggo,4.4,616,,,,-7.647668,110.141878,
275,Pinus pengger Yogyakarta,4.6,605,,,,-7.8712723,110.459653,
319,D'Walik,4.5,599,,,,-7.8163681,110.3866164,
311,Wisata Watu Amben,4.5,592,,,,-7.8498077,110.4770954,
446,Wisata Watu Amben,4.5,592,,,,-7.8498077,110.4770954,
294,Gua Cerme,4.4,587,,,,-7.9794413,110.3803114,
232,Candi Barong,4.6,565,,,,-7.7756537,110.4973011,
324,Nol Kilometer Jl.Malioboro,4.7,565,,,,-7.8013803,110.3647652,
297,Mojo Gumelem Hill,4.3,551,,,,-7.9559784,110.4341083,
384,Pantai Midodaren,4.5,550,,,,-8.1255992,110.521558,
486,Tikungan Cinta,4.2,528,,,,-7.5385678,110.4877273,
374,Pantai Seruni,4.5,527,,,,-8.159907,110.6315752,
230,Candi Gebang,4.5,518,,,,-7.7514654,110.4162887,
40,Museum Wayang Kekayon,4.2,504,sejarah,20000,,,,"Museum Wayang Kekayon ini didirikan oleh almarhum Prof. DR. dr. KPH. Soejono Prawirohadikusumo (Guru besar UGM sekaligus dokter ahli saraf jiwa) dan diresmikan oleh KGPAA Paku Alam VIII pada tahun 1991. Museum ini mengoleksi berbagai jenis wayang yang ada di Indonesia. Selain sebagai tujuan wisata seni budaya, museum ini juga memiliki fungsi pendidikan, wahana penelitian, dan rekreasi. Wayang merupakan kekayaan luhur budaya bangsa Indonesia yan Museum ini juga nyaman dan asri dengan taman parkir luas serta pendapa megah untuk perayaan pernikahan, pameran, pertemuan, sarasehan, dan lain-lain.g patut kita banggakan. Terbukti atas pengakuan UNESCO atas wayang sebagai warisan pusaka dunia."
56,Kekayon Museum,4.2,504,,,,-7.8145939,110.4130604,
149,Waterbyur Taman Air,4.2,501,,,,-7.8814715,110.3394116,
429,Batu Papal,4.2,497,,,,-7.789479,110.5185664,
48,Museum TNI AD Dharma Wiratama,4.7,483,,,,-7.7823778,110.3754172,
55,Museum of Indonesian Education,4.6,480,,,,-7.774829,110.387176,
3,Tebing Gunung Gajah,4.5,457,alam,5000,,,,"Letaknya di dataran tinggi, dengan view pemandangan perbukitan dan menoreh yang hijau, dan terdapat Waduk Sermo di tengahnya. Selain spot fotonya kemudian juga terdapat spot foto love lock, sky bar, dan fancy termasuk wahana outbound selain dari beberapa spot fotografi dengan tema tertentu."
475,Kalikuning Park,4.4,443,,,,-7.5923466,110.4414633,
7,Bukit Pengilon,4.6,439,alam,,,,,"Nama bukit Pengilon berasal dari bahasa Jawa yang berarti cermin, karena di bukit ini terdapat batu yang mirip sekali dengan cermin. Areanya menyejukkan serta sangat luas. Bahkan saking luasnya destinasi ini, banyak wisatawan yang melakukan tracking hingga camping dan mendirikan tenda di sana. Tak hanya itu, tempat satu ini juga akan memanjakan mata anda. Anda bisa mengabadikan foto dengan pemandangan indah yang berlatar belakang laut."
213,Punthuk Mongkrong,4.4,426,,,,-7.6345,110.174606,
155,LEGAWONG,4.4,423,,,,-7.8235991,110.3928814,
124,Ochidrinks,4.6,418,,,,-7.887647,110.3269681,
286,Gunung Mungker,4.3,416,,,,-7.8758728,110.4578762,
312,Wisata Alam Watu Lawang,4.2,413,,,,-7.9378555,110.4181981,
442,Wisata Alam Watu Lawang,4.2,413,,,,-7.9378555,110.4181981,
218,Kedung Pengilon,4,412,,,,-7.8560863,110.288863,
510,Lembah Bendo Camping Ground and Outdoor Activity,4.3,401,,,,-7.6138414,110.4312632,
372,Congot Beach,4.3,400,,,,-7.9075425,110.0535658,
174,Taman Wana Winulang,4,396,,,,-7.856079,110.166051,
53,Museum of Biology UGM,4.4,389,,,,-7.8017655,110.3744009,
107,Tamansari Keraton,4.6,386,,,,-7.8102151,110.358903,
364,Trisik Beach,3.9,383,,,,-7.9673349,110.182607,
497,Gardu Pandang Merapi,4.3,377,,,,-7.5926693,110.4250243,
350,Tamansari Water Castle,4.6,359,,,,-7.8100369,110.3591915,
493,JEEP LAVATOUR MERAPI MJAK 2,4.6,355,,,,-7.6142972,110.4340664,
214,Gunung Gamping,4.3,350,,,,-7.8046696,110.3196567,
217,Puncak Kleco Desa Wisata Tinalah,4.5,337,,,,-7.7125459,110.2045109,
416,Pantai Butuh,4.4,334,,,,-8.1117719,110.4855447,
483,Stonehenge Yogyakarta,4.4,332,,,,-7.6024289,110.4480035,
432,Snack Wonderland,4.1,327,,,,-7.7721185,110.4311704,
450,Wisata Alam Jurug Gedhe,4,305,,,,-7.8240577,110.5367479,
49,History Of Java Museum (HOJM),4.5,304,,,,-7.8439029,110.362261,
426,Village Tourism New Nglepen,4,301,,,,-7.8137377,110.5034501,
285,puncak bucu,4.1,299,,,,-7.8618548,110.4430834,
78,Museum Sri Sultan Hamengkubuwono IX,4.7,298,,,,-7.8083193,110.3644395,
212,Taman Kota Wates,4.5,296,,,,-7.8584717,110.1600975,
1,Taman Tempuran Cikal,4.4,294,alam,10000,,,,"TAMAN TEMPURAN CIKAL Taman Tempuran Cikal terletak di kecamatan Piyungan. Di taman ini, para pengunjung bisa mencoba bermain dengan beberapa wahana yang ada sembari menikmati kesejukan alam. Taman Tempuran Cikal atau biasa disebut TTC terletak di Dusun Cikal, Desa Srimulyo, Kecamatan Piyungan, Kabupaten Bantul. Kata Tempuran ini diambil dari pertemuan antara dua sungai, yaitu sungai gawe dan sungai opak. Taman tempuran ini telah menjadi salah satu obyek wisata baru di daerah Piyungan dan telah dilengkapi dengan beberapa fasilitas seperti wahana speed boat, kapal, kano, ATV, mini trail, flying fox, outbound, taman bermain, gazebo, tempat parkir yang luas, dan toilet. Ditaman ini, pengunjung juga bisa menikmati macam-macam kuliner yang"
80,Sasana wiratama,4.3,294,,,,-7.7871244,110.3514031,
328,Sukunan Tourism Village,4.4,290,,,,-7.7836412,110.3364013,
434,Bukit Tompak,4.5,277,,,,-7.844259,110.4557031,
304,Taman Glugut,4,274,,,,-7.8777976,110.3939277,
132,Taman Nggirli,4.3,270,,,,-7.8403441,110.4537568,
234,Candi Bubrah,4.3,261,,,,-7.7465277,110.4929268,
357,Plengkung Wijilan,4.6,261,,,,-7.8038148,110.3666102,
222,Candi Kedulan,4.5,260,,,,-7.742562,110.4696979,
47,Museum Satwa Gembira Loka Zoo,4.4,258,,,,-7.8053239,110.3980306,
193,Canting Mas Puncak Dipowono,4.4,248,,,,-7.80032,110.128122,
165,Taman Air Menari,4.3,245,,,,-7.80094,110.367805,
186,Curug Banyunibo,4.1,243,,,,-7.8675423,110.2867568,
167,jeepmerapi_adv,4.4,240,,,,-7.6467132,110.4268855,
470,Tourism Village East Kaliurang,4.4,238,,,,-7.5965373,110.4312039,
452,Karangtengah Tourism Village,4.3,236,,,,-7.9376732,110.3819417,
20,Hutan Mangrove Kadilangu,4.4,235,alam buatan,6000,,,,"Hutan Mangrove Kadilangu ini memiliki banyak spot foto menarik. seperti ada jembatan bambu yang megah atau besar, spot foto berbentuk hati dengan pemandangan aliran sungan Bowogowonto dan tanaman mangrove, spot foto menara yang dapat digunakan sebagai menara pandang. disini juga terdapat perahu yang dapat dinaiki yang akan membawa traveler mengarungi aliran sungai Bogowonto menuju kawasan mangrove sebelah kadilangu"
215,Dewi Kano Tourism Village Kaligono,4.4,233,,,,-7.7348214,110.0803636,
227,Candi Kimpulan,4.7,233,,,,-7.6883712,110.4153399,
67,ARTJOG MMXIX,4.7,223,,,,-7.7996687,110.3533668,
309,Kedung Tolok,4.3,223,,,,-7.9632346,110.3838152,
488,Gua Jepang,4.1,222,,,,-7.5879932,110.4305322,
169,Desa Wisata Wanurejo,4.4,221,,,,-7.6117993,110.2179225,
192,Cane Gardens Gendhu,4.4,219,,,,-7.7435927,110.1478405,
190,Series Mahogany Village Nampurejo,4.4,213,,,,-7.86489,109.9833922,
226,Candi Lumbung,4.4,213,,,,-7.7481336,110.492962,
332,Candi Donotirto,4.4,213,,,,-7.7955613,110.3612095,
379,Pantai Somandeng,4.5,213,,,,-8.1490954,110.6101161,
407,Pantai Nampu,4.6,211,,,,-8.1837872,110.7073455,
257,Candi Indah,4.2,205,,,,-7.7447651,110.4171248,
84,Taman Tino Sidin,4.7,204,,,,-7.7995125,110.3449674,
87,Stasiun Kereta Api Bantul,4.4,199,,,,-7.887327,110.329554,
420,Gardu Pandang Mangol Kencana,4.2,196,,,,-7.8378573,110.4890534,
243,Wisata Candi Kembar,4.5,189,,,,-7.7401262,110.50544,
409,Pantai Pasir Puncu,4,188,,,,-7.8540573,109.9130624,
487,Randu Ijo,4.2,187,,,,-7.5657834,110.3686916,
334,Bahasa Kopi,4.6,183,,,,-7.7344993,110.3897969,
74,Cemeti - Institute for Art and Society,4.6,182,,,,-7.8177918,110.3623492,
4,Restoe Boemi Kreo,4.5,176,alam,,,,,Restoe Boemi Kreo sebuah rumah makan hasil karya NextDestinXction untuk masyarakat kreo
471,Tourism Village Kinahrejo,4.4,176,,,,-7.5816346,110.4434317,
447,TWM ( Tebing Watu Mabur ),4.4,172,,,,-7.9456084,110.4406992,
168,Tempat Wisata Mangir,4.4,171,,,,-7.9001751,110.2752732,
504,Gabugan Tourism Village,4.4,164,,,,-7.6609669,110.3797272,
103,Pangurakan Gate,4.6,163,,,,-7.8015969,110.3646114,
17,Candi Ijo,4.7,159,sejarah,5000,,,,"Candi Ijo adalah sebuah kompleks percandian bercorak Hindu, berada 4 kilometer arah tenggara dari Candi Ratu Boko atau kira-kira 18 kilometer di sebelah timur kota Yogyakarta. Candi ini diperkirakan dibangun antara kurun abad ke-10 sampai dengan ke-11 Masehi pada saat zaman Kerajaan Medang periode Mataram."
437,Wanagama 1000 Selfie (WG1000S),4.5,157,,,,-7.8928168,110.5472087,
125,Hutan Cemara Sembung,4.2,156,,,,-7.8306883,110.2897089,
153,Pakem Sari Water Park,3.7,154,,,,-7.661928,110.413932,
267,Dodogan Cultural Tourism,4.2,153,,,,-7.926687,110.4825668,
32,Goa Kalisuci,4.6,152,,2000,,,,
339,Tourism Village Mina Padi Cibuk Kidul,4.2,147,,,,-7.7555134,110.3099247,
441,Ecotourism Jatisari Seropan 3,4.3,145,,,,-7.9436686,110.4440412,
288,Eco Park Sriharjo,4.5,142,,,,-7.9449846,110.4175478,
433,Goa Sentono,4.1,140,,,,-7.8129534,110.4715037,
216,Desa Wisata Sendari,4.3,136,,,,-7.7375229,110.325111,
274,Terasiring Sriharjo,4.6,136,,,,-7.9448403,110.4180764,
254,Candi Gana,4.1,133,,,,-7.7439064,110.4961559,
333,Kampoeng Cyber Yogyakarta,4.4,133,,,,-7.809384,110.3585784,
276,Desa Wisata Pengkok,4.3,131,,,,-7.8729739,110.4957781,
106,Bangsal Magangan,4.7,129,,,,-7.8087595,110.3637221,
183,Watu Tekek,4.1,129,,,,-7.6643486,110.2081121,
114,Jetis Monument,4.2,128,,,,-7.8273402,110.3253528,
458,Tourism Village Display,4.3,128,,,,-7.71528,110.3655598,
320,Jipangan Tourism Village,4.4,127,,,,-7.8548212,110.3277628,
401,Pantai Bukit Indah Nampu,4.4,125,,,,-8.1840158,110.7081369,
188,Geger Menjangan,4.1,121,,,,-7.6993041,110.0306903,
244,Candi Siwa,4.5,121,,,,-7.7520327,110.4912079,
404,Pantai Segoro Kidul,4.3,120,,,,-7.996434,110.2414412,
64,Museum dan Tanah Liat,4.6,116,,,,-7.8200451,110.3394857,
91,Tugu Jam,4.5,116,,,,-7.8064821,110.3630733,
329,Tourism Village Mlangi,4.7,114,,,,-7.7622125,110.3313254,
390,Pantai Ngrawah,4.5,114,,,,-8.1250824,110.5202032,
199,"Nanggulan Rice Terrace, Watumurah, Pendowoharjo",4.3,108,,,,-7.7479509,110.1903153,
424,Between Two Gates,4.6,108,,,,-7.8309782,110.3992208,
57,Sonobudoyo State Museum Unit II,4.7,107,,,,-7.8040124,110.366348,
62,Museum Sonobudoyo Unit II,4.7,107,,,,-7.8040124,110.366348,
238,Brahma Temple,4.5,103,,,,-7.7523837,110.4912216,
492,Tradisional Park,4.3,102,,,,-7.6286063,110.4252096,
133,Obelix Hills Sunset View,4.6,99,,,,-7.8070316,110.5215714,
454,Air Terjun Banyu Nibo,4.3,99,,,,-7.9033828,110.4572075,
375,Pantai Ngluwen,4.5,96,,,,-8.1140054,110.4898614,
448,Goa Jepang Pengklik,4.4,96,,,,-7.8037677,110.4779306,
201,Desa Wisata Malangan,4.4,95,,,,-7.7586856,110.2533026,
408,pantai Trisik,3.9,94,,,,-7.9673349,110.182607,
189,Watu Kendhil,4.3,93,,,,-7.6353212,110.2147341,
236,Karangnongko Temple,4.1,93,,,,-7.6771502,110.5569914,
123,Gazebo Fakultas Pertanian UGM,4.5,91,,,,-7.7682109,110.3813503,
331,Dewi Rawe,4.5,89,,,,-7.7514803,110.3352759,
191,Embung KP,4.3,87,,,,-7.6588773,110.235082,
307,Geopark Gunung Sewu,4.4,85,,,,-7.8475299,110.4795506,
219,Goa Payaman,4.2,84,,,,-7.8346264,110.258599,
394,Pantai Watunene,4.6,84,,,,-8.1594636,110.6292219,
242,Kadisoka Temple,3.8,81,,,,-7.7553303,110.4459721,
435,Desa Wisata Nawung,4.3,81,,,,-7.8202819,110.5425329,
473,Kampung Wisata Tanen | KAWITAN,4.4,80,,,,-7.6270688,110.4201728,
508,MANGGALIA INDAH,3.9,80,,,,-7.5915194,110.5074483,
60,Museum Rs Mata Dr Yap,4.5,79,,,,-7.780141,110.3741398,
453,Desa Wisata Batur,4.4,79,,,,-7.8597347,110.5498557,
352,Government Tourist Information Center,4.6,77,,,,-7.7953215,110.3657371,
61,Museum Geoteknologi Mineral,4.5,72,,,,-7.7816997,110.4146097,
261,Unit Office Taman Wisata Candi Prambanan,4.6,72,,,,-7.7541053,110.4928588,
235,Perwara Temple,4.4,70,,,,-7.7516703,110.4921881,
489,Tourism Village Srowolan,4.3,70,,,,-7.6663773,110.3858213,
233,Candi Morangan,4.3,68,,,,-7.6848173,110.4694913,
482,Tourism Village Bokesan,4.4,68,,,,-7.706782,110.4742429,
202,Tuk Si Bedug,4.5,67,,,,-7.7343858,110.3004508,
348,Lava Tour Merapi,4.8,67,,,,-7.7531441,110.3473714,
405,Pantai Baru,4.3,66,,,,-8.1338843,110.5510278,
501,WISATA DESA WATU LEDHEK,4.3,61,,,,-7.7162707,110.3898193,
197,Wisata Alam Pos Mati,4.3,57,,,,-7.6264157,110.1789032,Wisata yang menyajikan pemandangan menarik dari atas bukit
63,Sekretariat Sementara Museum Anak Kolong Tangga,4.4,55,,,,-7.8187216,110.3646999,
245,Morangan Temple,4.1,55,,,,-7.6848728,110.4695674,
491,Taman wisata merapi garden Cangkringan,4.5,53,,,,-7.58728,110.442803,
263,Mesjid Ldii Kelompok Candi,4.6,51,,,,-7.6995786,110.4132218,
268,Kalinampu Natural Park,4.2,49,,,,-7.968594,110.3473611,
111,Monument obelisk 1 Century of Muhammadiyah,4.4,48,,,,-7.8131132,110.3221465,
157,Brug Londho River Track,3.9,48,,,,-7.7064216,110.4195737,
445,OMAH ELABU,4.3,48,,,,-7.8499751,110.4795727,
306,Watu Loncat,4.5,46,,,,-7.8763184,110.4524533,
438,Watu Loncat,4.5,46,,,,-7.8763184,110.4524533,
282,Sungai Oya,4.7,45,,,,-7.9539315,110.4246111,
403,Pantai Imorenggo,4.4,45,,,,-7.9658312,110.1824816,
187,Wisata Taman Kelinci Borobudur,4.8,44,,,,-7.6223711,110.2216511,
326,Tourism Village Pandeyan,4.6,44,,,,-7.814481,110.386165,
144,TeknoPark Mega Andalan,4.5,43,,,,-7.803753,110.4830177,
316,Tourism Village Duchy,4.4,43,,,,-7.806093,110.35831,
356,JOGJA TREVELING,4.9,43,,,,-7.7654126,110.3422458,
451,Spot Pintoe Langit Dahromo,4.6,43,,,,-7.9121203,110.4365253,
179,Sukmojoyo Hill,4.6,42,,,,-7.6301034,110.1752282,
507,Patung Monyet Kaliurang,4.3,41,,,,-7.5999674,110.4294736,
509,KAWIDASRI,4.4,40,,,,-7.6372592,110.3891213,
386,Nglangkap Beach,4.3,39,,,,-8.1107366,110.479256,
240,Taman Wisata Candi Sojiwan,4.5,38,,,,-7.7604197,110.4955436,
248,Candi Wisnu,4.5,37,,,,-7.751692,110.4912105,
141,Kampung Wisata Sosromenduran,4,36,,,,-7.79219,110.362151,
354,Guide Francophone et Chauffeur de Voiture Privé de Voyage Yogyakarta Java Indonésie,5,34,,,,-7.8206473,110.3773068,
385,Pantai Botorubuh,4.6,34,,,,-8.2003473,110.7082335,
231,Candi Dawangsari,4.3,33,,,,-7.7743486,110.4973873,
262,Ijo Temple Wooden Mosque,4.4,33,,,,-7.7847528,110.5128442,
305,Gua Permoni,4.3,32,,,,-7.8796951,110.3965111,
142,Kampung Wisata Rejowinangun,4.3,31,,,,-7.8152776,110.3988359,
474,Tawangrejo Agro Tourism,4.4,31,,,,-7.6354887,110.4032545,
122,Pemancingan Sungkono,3.6,30,,,,-7.9436745,110.2288385,
402,Bukit Gunung Kidul Pantai Indrayanti,4.7,30,,,,-8.1501214,110.6121077,
127,Gantangan Lomba Burung New POSJAKAL,4.7,27,,,,-7.7459912,110.3916566,
128,Kids Fun - Blaster Boat,4.2,27,,,,-7.8285087,110.4400289,
119,THR Gabusan Square,3.8,26,,,,-7.8773087,110.3520114,
130,Kids Fun - Arung Jeram,4.4,26,,,,-7.8285622,110.4412651,
92,Gedung Jefferson,4.2,25,,,,-7.7832145,110.3658164,
251,Taman Lampion Candi Plaosan,4.4,25,,,,-7.7402939,110.5053448,
296,Grojogan Pucung,4.5,23,,,,-7.990371,110.3421397,
82,Gallery Amri Yahya,4.9,21,,,,-7.7992289,110.3537936,
393,Pantai Daud,4.4,21,,,,-8.157724,110.6246487,
406,Pantai Parangracuk,4.5,21,,,,-8.1316897,110.5447417,
414,Pantai Sundak Timur,4.4,21,,,,-8.147072,110.6079043,
75,Museum Batik Keraton Yogyakarta,4.9,20,,,,-7.8075139,110.3645895,
134,Puri Hantu Indonesia Taman Pelangi,3.5,20,,,,-7.7498485,110.3705225,
279,Turunan Stone Park,4.5,20,,,,-7.9730132,110.4351912,
351,Dion Jogja Driver,5,20,,,,-7.7900725,110.3641941,
81,Museum Padepokan Sumber Karahajon,4.3,19,,,,-7.859559,110.409273,
145,Grenjeng Water Park,4.3,19,,,,-7.6563532,110.3857548,
150,Gerojogan Jurugan,4.6,19,,,,-7.7005813,110.2359752,
205,Puncak Kuda Sembrani-Desa Wisata Banjarasri,4.4,19,,,,-7.6920487,110.2131553,
496,WATER PARK DESA SUDIMORO,3.7,19,,,,-7.6132549,110.3519173,
117,Kids Fun Mirota Pasaraya,4.4,18,,,,-7.7529211,110.3846346,
66,Museum Romo Mangun,4.1,17,,,,-7.7841172,110.3709179,
318,TemenNyantai TransWisata,4.6,17,,,,-7.7689452,110.4261352,
345,Hud Hud Tour,5,17,,,,-7.7595959,110.3747614,
301,Goa Pego,4.2,16,,,,-7.9990794,110.3705074,
71,Museum Pergerakan Wanita Indonesia Mandala Bhakti Wanitatama,4.7,15,,,,-7.7839154,110.3932776,
490,Teras Merapi,4.9,13,,,,-7.5876903,110.4558767,
498,GRINATA ADVENTURE 1,4.9,13,,,,-7.5902269,110.4423564,
102,Kori Agung Masjid Gedhe Mataram Kotagede,4.7,12,,,,-7.8294965,110.3985073,
325,Lorong Taman Sari,4.8,12,,,,-7.809251,110.3597619,
70,Museum Sidik Martowidjojo,4,11,,,,-7.8084446,110.3629506,
341,Yogyakarta Night Tours - Meeting Point Klasik : Historical Walking and Food Tour,5,11,,,,-7.797444,110.3653174,
28,Kampung Pitu,4.1,10,minat khusus,15000,,,,
136,Kids Waterpark & Replika Taman Satwa,4.4,10,,,,-7.6210027,110.4224484,
338,Ekowisata Nologaten,5,10,,,,-7.7748937,110.3988399,
360,Borobudur Prambanan Tour,5,10,,,,-7.8208261,110.3769404,
431,Wisata Pangol Hill,4.7,10,,,,-7.8353888,110.4590277,
455,Puncak watu wayang,4.8,10,,,,-7.8401664,110.5496579,
73,Museum Monumen Kowani,4.3,9,,,,-7.7823912,110.4023938,
203,"Desa Wisata ""Bedog Ilir""",5,9,,,,-7.7795584,110.3281743,
237,Candi Kelir,4.7,9,,,,-7.7520476,110.4918414,
277,Goa Branjang,4.1,9,,,,-8.0251346,110.3483546,
495,LAVA TOUR MERAPI PM ADVENTURE,5,9,,,,-7.6133163,110.4264733,
112,Bangunan Jembatan Merah,4.6,8,,,,-7.7633465,110.3942161,
195,Mates Landscape,4.8,8,,,,-7.8354971,110.278055,
241,Situs Candi Banjaran,4.5,8,,,,-7.7215546,110.5259585,
258,Candi Gebang,4.8,8,,,,-7.751691,110.4163246,
313,Tugu Ireng (Dusun Putat),4.8,8,,,,-7.9581348,110.5170714,
388,Pantai Ngondo,4.8,8,,,,-8.1802873,110.6759738,
500,Desa Wisata Kembang Wonderful,5,8,,,,-7.6349344,110.3837672,
161,Merapi Park Wahana Air,4.1,7,,,,-7.6210688,110.422686,
278,Puncak Kobango Bike Park,4.9,7,,,,-7.8976603,110.407079,
340,Kauman Pakualaman Yogyakarta,5,7,,,,-7.8010347,110.3751922,
355,TripJogja - Fotografer - Videografer - Edit Foto - Paket Wisata,5,7,,,,-7.776267,110.3527029,
93,Tugu Mintoragan,4.7,6,,,,-7.8374755,110.4236451,
101,Kori Barat Masjid Gedhe Mataram Kotagede,4.3,6,,,,-7.8290325,110.3983065,
77,MUSEUM GARUDA,4.8,5,,,,-7.8480274,110.3526747,
83,Museum Muhamadiyah,4,5,,,,-7.8342532,110.3837813,
109,Pendopo Pilahan,4.6,5,,,,-7.8150311,110.4005391,
137,Padepokan suroloyo,5,5,,,,-7.9497203,110.5415388,
151,"Kali ""Bladeran""",4,5,,,,-7.6942818,110.2359799,
160,Musium Waterpark Wonoboyo,4.6,5,,,,-7.730046,110.536511,
250,Candi ASU Klaten,4.2,5,,,,-7.7423022,110.5155871,
253,Candi Plaosan Lor,4.2,5,,,,-7.7403775,110.5047736,
387,Pantai dluwok,3.8,5,,,,-8.1205585,110.5076863,
97,Graceland 66,5,4,,,,-7.7763136,110.4071704,
116,Sepeda Mabur Sindu Kusuma Edupark,4.3,4,,,,-7.7660586,110.3554968,
135,Lapangan Reklamasi Ngentak,5,4,,,,-7.7129217,110.3384292,
146,Kids Fun Ferrari,3.8,4,,,,-7.8289621,110.4403391,
154,Kids Fun Jurrasic Park,3.5,4,,,,-7.8288707,110.4408115,
259,Mushola Kawasan Wisata Candi Prambanan,3.3,4,,,,-7.7498116,110.4943356,
260,Candi Card,5,4,,,,-7.702717,110.4110383,
298,Watu Masjid,4.3,4,,,,-7.9553099,110.4275744,
300,Bukit white stone,5,4,,,,-7.9061342,110.4563002,
349,Borobudur Tour From Semarang Port,5,4,,,,-7.809607,110.372001,
459,Stonehange,4.3,4,,,,-7.6021664,110.4477547,
484,Desa Wisata Trumpon,4.5,4,,,,-7.6246794,110.3601189,
58,Museum Temporer Sonobudoyo,5,3,,,,-7.8019387,110.3644618,
95,Bangsal Kencana,4.3,3,,,,-7.8077158,110.3638489,
113,Patung Kuda GMJR,5,3,,,,-7.8552045,110.3140355,
118,Vegetalika Faperta UGM,4.3,3,,,,-7.7678488,110.3818991,
247,Candi Sumberwatu,3.3,3,,,,-7.7684278,110.4965595,
252,Mushola Candi Banyunibo,4.7,3,,,,-7.778495,110.4946377,
264,WISATA CANDI SARI,4.7,3,,,,-7.7615828,110.4740437,
273,New Destination Wisata Desa Terong,4,3,,,,-7.8761445,110.4582338,
290,Wisata Batu Titanic,4.7,3,,,,-7.9459282,110.4146063,
295,TAMAN GROUNDSILL BENDUNG TEGAL,5,3,,,,-7.9341898,110.3653539,
314,Wisata Jaga Bendung,5,3,,,,-7.9087427,110.3797906,
321,Kotagede Heritage Trail,5,3,,,,-7.8263088,110.398512,
323,Raharjo Tour,5,3,,,,-7.8266281,110.4077844,
392,Pantai Daerah Yogyakarta,3.3,3,,,,-7.8753849,110.4262088,
440,Watu Dandang,3.7,3,,,,-7.8919557,110.4068584,
503,Obyek Wisata BKK kendal sari,4.7,3,,,,-7.6290107,110.4908773,
505,Permandian Alami Dan Supernatural,4,3,,,,-7.7046102,110.3526466,
85,Museum Pendidikan dan Mainan Kolong Tangga,5,2,,,,-7.8001114,110.3679986,
94,Monumen Serang Umum 1 Maret,5,2,,,,-7.8096391,110.3551478,
99,Sokkel klok voor Eeuw Nederlandsch-Indische,5,2,,,,-7.7995673,110.3649177,
120,Embung Bangeran,5,2,,,,-7.7923528,110.3962255,
152,Taman Rekrasi Lembah Bedog,4,2,,,,-7.6800812,110.3545714,
159,Sumber Kluthuk,5,2,,,,-7.6655711,110.3521031,
163,"Pancuran ""Tirip Kulon""",4.5,2,,,,-7.6920244,110.2337952,
194,Sasana Tirta Kembaran,5,2,,,,-7.830802,110.3349744,
198,Air Terjun Kedung Pedut I (Kedung Pedut Waterfall - pool),5,2,,,,-7.766794,110.1200921,"Keunggulan dan keunikan Air Terjun Kedung Pedut ini yaitu sumber mata airnya yang berasal dari dalam bumi--seolah tak pernah habis atau mengering. Hal ini yang membuat Kedung Pedut dijuluki Surga Air Kulon Progo, lantaran airnya yang tak pernah habis meski di musim kemarau."
246,Candi Pembakaran,5,2,,,,-7.7690965,110.4885363,
266,Graha Candi,5,2,,,,-7.8265832,110.47927,
293,Nggunungan,2.5,2,,,,-7.8679853,110.4514578,
303,Gazebo Bukit Watu Pengklik Sriharjo,4.5,2,,,,-7.9458817,110.4274973,
310,Jurang Tembelan Kreen,4,2,,,,-7.940161,110.4299338,
317,Jatirejo Village Tour : Local Life Discovery,5,2,,,,-7.7343679,110.3717056,
330,Aisha tour planner & transport service,5,2,,,,-7.7972273,110.3905519,
337,JOLLY ROGER TATTOO,5,2,,,,-7.780561,110.392352,
430,Lawang Ijo,4,2,,,,-7.8279009,110.3966895,
436,Jati Meranggas,4.5,2,,,,-7.8588559,110.4438313,
494,Monumen Deles Indah,5,2,,,,-7.572719,110.467008,
50,Andi Bayou Museum,5,1,,,,-7.7759703,110.3485938,
65,BACKSPACE Art Lab and Museum,5,1,,,,-7.8503547,110.351145,
72,Museum Omah Jayeng,4,1,,,,-7.7995295,110.3726029,
86,Museum Kristal dan Cinderamata Keraton Yogyakarta,5,1,,,,-7.807964,110.364513,
88,Museum of Struggle,5,1,,,,-7.8164905,110.3718611,
89,Luchtalarm Toren in Djocdja,5,1,,,,-7.7991438,110.3650934,
100,Castelo de Água do Sultanato de Yogyakarta,5,1,,,,-7.8100995,110.3596395,
104,Bangsal Pengapit Pasewakan,1,1,,,,-7.8076645,110.3651385,
105,Ruang Perawatan Jenderal Soedirman,5,1,,,,-7.7764736,110.3767439,
110,Situs Gedong Pusoko,5,1,,,,-7.807846,110.4037578,
115,Gapura Sawojajar Wijilan,5,1,,,,-7.8052478,110.3666595,
139,Pemancingan Adi Winata,5,1,,,,-7.7045773,110.5120115,
140,PATUNG SULTAN AGUNG Imogiri,5,1,,,,-7.919995,110.3815984,
148,Air Terjun Sindet,1,1,,,,-7.9011588,110.3934474,
164,Taman Edukasi dan Outbound Sunan Kalijaga,5,1,,,,-7.8092066,110.4132518,
173,Desa Wisata Fauna Ketingan,5,1,,,,-7.743062,110.3292115,
206,Desa Wisata Budaya Agro dan Edukasi Daratan Sendangarum,5,1,,,,-7.7439149,110.2579678,
208,Pantai Pasir Mendit,3,1,,,,-7.8943492,110.0194606,
209,Patung Kaligintung Lor,5,1,,,,-7.8795782,110.0885,
210,Pantai Bidara Tourism,4,1,,,,-7.932481,110.1127314,
211,Jembatan Diro,5,1,,,,-7.73769,110.2342277,
256,Candi Ambyar,3,1,,,,-7.6773077,110.5570963,
265,Masjid Al-Huda Candi 3,5,1,,,,-7.7040906,110.4096107,
270,Djumbidi keluarga,5,1,,,,-7.8624582,110.4904404,
280,Luweng Mendur,5,1,,,,-8.02129,110.36932,
291,Kali Gede Banyumeneng,4,1,,,,-7.9909547,110.4022933,
292,Patung Kuda Dringo,4,1,,,,-7.9999241,110.3440947,
299,Air Terjun Kedung Manglu,5,1,,,,-7.937667,110.408222,
336,Bintang Pradana Jogja Tour,4,1,,,,-7.7593783,110.3716453,
342,Jasa Citytour - Private Trip - Tour - Fotografi - Antar Bandara Jogja,5,1,,,,-7.7792349,110.3499756,
443,Wisata Air Wanatirta Kencana,5,1,,,,-7.8914433,110.548354,
456,bukit indah patuk,5,1,,,,-7.8505258,110.4772342,
461,SUA_SumberUripAdventure,5,1,,,,-7.639028,110.419056,
478,Kampung wisata wonorejo,5,1,,,,-7.6237978,110.4177307,
479,Omah maggot ngaglik,5,1,,,,-7.7130748,110.3945574,
481,Jalur Lahar Point Kaliadem,5,1,,,,-7.5827709,110.4486854,
485,Dewi Suba,4,1,,,,-7.5907274,110.3334618,
499,Camping ground lor sambi,5,1,,,,-7.6429172,110.4277772,
502,Beneran waterpark,5,1,,,,-7.6560857,110.3858688,